,NotLandslide,Landslide
Precision,0.9588571428571429,0.8243243243243243
Recall,0.9555808656036446,0.8356164383561644
F1score,0.9572162007986309,0.8299319727891157
Support,1756.0,438.0
